Морозов;Михаил;+7(960)913-62-49;личный
Новиков;Всеволод;+7(933)952-06-80;рабочий
Успенский;Александр;+7(915)613-02-87;нет комментария
Афанасьев;Григорий;+7(974)256-79-80;нет комментария
Поляков;Владимир;+7(949)299-05-03;рабочий
Виноградова;Юлия;+7(956)382-30-76;рабочий
Иванова;Софья;+7(988)607-42-20;нет комментария
Фролова;Ульяна;+7(975)352-00-87;личный
Лебедев;Андрей;+7(972)532-43-15;рабочий
Тихонов;Даниил;+7(985)870-43-51;личный
Блинова;Мария;+7(973)171-12-47;нет комментария
Петрова;Милана;+7(935)711-34-22;личный
Юдина;Алина;+7(989)726-57-70;нет комментария
Власова;Василиса;+7(940)400-50-32;личный
Галкина;Мария;+7(952)092-86-18;рабочий
Воробьев;Владимир;+7(935)089-75-18;рабочий
Шаповалов;Максим;+7(993)965-19-98;личный
Власова;Алиса;+7(970)694-17-80;личный
Чернова;Ксения;+7(978)311-64-84;нет комментария
Рыбаков;Захар;+7(961)261-24-16;нет комментария
Зотова;Арина;+7(987)138-58-10;нет комментария
Герасимова;Элина;+7(976)076-72-09;нет комментария
Баженов;Михаил;+7(978)771-93-24;нет комментария
Новикова;Василиса;+7(914)645-40-57;нет комментария
Богданова;Александра;+7(982)751-48-82;личный
Романова;Полина;+7(943)532-79-66;нет комментария
Казаков;Семён;+7(933)078-37-73;рабочий
Дементьев;Владимир;+7(967)673-26-29;рабочий
Корнилов;Максим;+7(961)059-11-63;нет комментария
Морозова;Злата;+7(990)894-17-56;нет комментария
Егорова;Мира;+7(965)652-33-72;рабочий
Кольцова;София;+7(968)939-86-21;личный
Прокофьева;Виктория;+7(942)301-98-42;нет комментария
Смирнов;Роман;+7(988)397-92-88;нет комментария
Волков;Владимир;+7(905)233-46-57;нет комментария
Богданов;Даниил;+7(930)453-15-65;личный
Колесников;Матвей;+7(958)275-66-57;личный
Соколов;Георгий;+7(944)215-81-09;нет комментария
Смирнов;Михаил;+7(910)494-62-44;нет комментария
Соколов;Константин;+7(974)810-51-05;нет комментария
Поляков;Артём;+7(922)910-22-05;рабочий
Борисов;Тимофей;+7(987)839-24-53;рабочий
Крылова;Милана;+7(946)422-76-61;личный
Глухов;Иван;+7(909)279-62-28;нет комментария
Крылова;Анна;+7(954)402-20-71;личный
Соколова;Анна;+7(948)963-71-02;нет комментария
Балашова;Арина;+7(942)406-88-46;нет комментария
Овчинников;Данила;+7(929)220-95-17;личный
Маркова;Анастасия;+7(980)747-90-92;нет комментария
Мухин;Иван;+7(941)259-25-14;личный
Шмелева;Анна;+7(980)511-43-67;рабочий
Соколов;Виктор;+7(925)795-42-74;нет комментария
Судаков;Илья;+7(909)662-34-89;нет комментария
Большакова;Ясмина;+7(983)943-47-46;рабочий
Курочкина;Лидия;+7(945)206-08-96;рабочий
Захаров;Рустам;+7(941)957-24-76;нет комментария
Озерова;Алиса;+7(951)755-91-50;нет комментария
Седов;Константин;+7(906)465-70-69;личный
Калашникова;Анна;+7(927)648-35-33;рабочий
Иванова;Варвара;+7(907)548-69-14;личный
Маркова;Сафия;+7(973)207-57-45;нет комментария
Александров;Василий;+7(969)412-58-51;нет комментария
Кириллова;Виктория;+7(901)727-37-00;нет комментария
Глебов;Андрей;+7(985)268-07-32;личный
Черный;Артём;+7(929)323-13-43;личный
Бирюков;Дмитрий;+7(977)915-83-52;личный
Максимова;Марина;+7(996)241-55-70;личный
Голубева;Виктория;+7(939)355-96-58;нет комментария
Симонова;Кристина;+7(959)997-41-52;личный
Чистяков;Богдан;+7(916)172-04-29;личный
Гуляев;Лев;+7(985)612-93-42;нет комментария
Черный;Данил;+7(955)159-60-83;нет комментария
Елисеев;Юрий;+7(927)519-22-97;нет комментария
Глушкова;Диана;+7(921)687-71-73;нет комментария
Антонова;Анастасия;+7(960)304-30-40;нет комментария
Баженов;Марк;+7(919)482-02-23;нет комментария
Семина;Виктория;+7(936)892-56-96;личный
Греков;Владимир;+7(981)740-47-73;нет комментария
Кузнецова;Яна;+7(925)266-92-50;нет комментария
Казакова;Эмилия;+7(939)984-30-26;нет комментария
Герасимова;Серафима;+7(905)978-58-27;личный
Бессонова;Эмилия;+7(972)277-94-01;рабочий
Леонтьев;Илья;+7(968)875-04-63;нет комментария
Зайцева;Малика;+7(953)431-81-97;нет комментария
Макаров;Константин;+7(953)308-02-34;рабочий
Моисеева;Амина;+7(916)489-52-23;личный
Емельянова;Анна;+7(927)901-53-98;нет комментария
Зверев;Виталий;+7(962)909-45-45;нет комментария
Федоров;Даниил;+7(930)857-96-46;личный
Кузнецов;Артём;+7(929)360-75-72;рабочий
Гущина;Ксения;+7(918)798-59-74;личный
Борисов;Артём;+7(937)378-83-22;нет комментария
Виноградов;Иван;+7(952)831-92-18;нет комментария
Беляев;Степан;+7(911)339-18-00;личный
Долгов;Егор;+7(934)620-10-39;нет комментария
Горшков;Виктор;+7(929)070-70-84;рабочий
Козлова;Алиса;+7(956)623-66-44;личный
Плотникова;Любовь;+7(983)416-42-73;нет комментария
Фомин;Григорий;+7(921)707-84-16;личный
Мухина;Маргарита;+7(950)106-39-73;нет комментария
Баранов;Матвей;+7(928)578-26-42;нет комментария
Ковалева;Полина;+7(975)482-62-16;нет комментария
Попов;Тимур;+7(924)044-00-91;нет комментария
Щербакова;Александра;+7(957)730-81-55;нет комментария
Синицына;Диана;+7(910)010-64-96;нет комментария
Титова;Валерия;+7(994)254-63-46;личный
Мельников;Кирилл;+7(979)415-16-31;нет комментария
Васильева;София;+7(916)925-80-22;личный
Костина;Василиса;+7(916)043-94-02;личный
Андреева;Мария;+7(933)933-93-38;личный
Иванов;Дамир;+7(981)476-77-91;нет комментария
Алексеев;Евгений;+7(906)658-68-30;нет комментария
Зверев;Константин;+7(954)454-29-66;рабочий
Лаврентьева;Ульяна;+7(918)437-03-45;личный
Алексеева;Алиса;+7(935)802-69-14;личный
